id;name;image;image_content_type
1;User-friendly Outdoors;../fake-data/blob/hipster.png;image/png
2;copy;../fake-data/blob/hipster.png;image/png
3;cutting-edge EXE Cambridgeshire;../fake-data/blob/hipster.png;image/png
4;Handmade quantify Plain;../fake-data/blob/hipster.png;image/png
5;object-oriented Hat;../fake-data/blob/hipster.png;image/png
6;Chief Consultant;../fake-data/blob/hipster.png;image/png
7;Generic exploit;../fake-data/blob/hipster.png;image/png
8;world-class;../fake-data/blob/hipster.png;image/png
9;Ohio;../fake-data/blob/hipster.png;image/png
10;Strategist Delaware;../fake-data/blob/hipster.png;image/png
